<?xml version="1.0" encoding="utf-8" standalone="no"?>
<qnx xmlns="http://www.qnx.com/schemas/application/1.0">

<!-- BlackBerry Tablet OS and BlackBerry 10 application descriptor file.

    Specifies parameters for identifying, installing, and launching native applications on
    BlackBerry Tablet OS and BlackBerry 10.

-->

    <!-- A universally unique application identifier. Must be unique across all BlackBerry applications.
         Using a reverse DNS-style name as the id is recommended. (Eg. com.example.ExampleApplication.) Required. -->
    <id>com.neworigin.2048</id>

    <!-- The name that is displayed in the BlackBerry Tablet OS application installer. 
         May have multiple values for each language. See samples or xsd schema file. Optional. -->
    <name>2048</name>
    
    <!-- A string value of the format <0-999>.<0-999>.<0-999> that represents application version which can be used to check for application upgrade. 
         Values can also be 1-part or 2-part. It is not necessary to have a 3-part value.
         An updated version of application must have a versionNumber value higher than the previous version. Required. -->
    <versionNumber>1.0.0</versionNumber>

    <!-- Fourth digit segment of the package version. First three segments are taken from the 
         <versionNumber> element.  Must be an integer from 0 to 2^16-1 -->
    <buildId>1</buildId>
                 
    <!-- A string value (such as "v1", "2.5", or "Alpha 1") that represents the version of the application, as it should be shown to users. Optional. -->
    <!-- <versionLabel></versionLabel> -->

    <!-- Description, displayed in the BlackBerry application installer.
         May have multiple values for each language. See samples or xsd schema file. Optional. -->
    <description>The 2048 Game</description>

    <!-- Copyright information. Optional. -->
    <!-- <copyright></copyright> -->

    <!--  Name of author which is used for signing. Must match the developer name of your development certificate. -->
    <author>Example Inc.</author>
    
    <!--  Unique author ID assigned by signing authority. Required if using debug tokens. -->
    <!-- <authorId>ABC1234YjsnUk235h</authorId> -->
   
    <initialWindow>
        <systemChrome>none</systemChrome>
        <transparent>false</transparent>
    </initialWindow>
    
    <!--  The category where the application appears. Either core.games or core.media. -->
    <category>core.games</category>

    <!-- The assets to include in your application. -->
    <asset path="icon.png">icon.png</asset>
    <asset path="../Resources">Resources</asset>
    
    <configuration id="com.qnx.qcc.configuration.exe.debug.2142540956" name="Device-Debug">
       <platformArchitecture>armle-v7</platformArchitecture>
       <asset path="${workspace_loc:/CocosDenshion}/${ConfigName}/libCocosDenshion.so" type="Qnx/Elf">lib/libCocosDenshion.so</asset>
       <asset path="Device-Debug/2048" entry="true" type="Qnx/Elf">2048</asset>
    </configuration>
    <configuration id="com.qnx.qcc.configuration.exe.release.1185536621" name="Device-Release">
       <platformArchitecture>armle-v7</platformArchitecture>
       <asset path="${workspace_loc:/CocosDenshion}/${ConfigName}/libCocosDenshion.so" type="Qnx/Elf">lib/libCocosDenshion.so</asset>
       <asset path="Device-Release/2048" entry="true" type="Qnx/Elf">2048</asset>
    </configuration>
    <configuration id="com.qnx.qcc.configuration.exe.profile.1563929245" name="Device-Profile">
       <platformArchitecture>armle-v7</platformArchitecture>
       <asset path="${workspace_loc:/CocosDenshion}/${ConfigName}/libCocosDenshion.so" type="Qnx/Elf">lib/libCocosDenshion.so</asset>
       <asset path="Device-Profile/2048" entry="true" type="Qnx/Elf">2048</asset>
    </configuration>
    <configuration id="com.qnx.qcc.configuration.exe.profile.coverage.2091050949" name="Device-Coverage">
       <platformArchitecture>armle-v7</platformArchitecture>
       <asset path="${workspace_loc:/CocosDenshion}/${ConfigName}/libCocosDenshion.so" type="Qnx/Elf">lib/libCocosDenshion.so</asset>
       <asset path="Device-Coverage/2048" entry="true" type="Qnx/Elf">2048</asset>
    </configuration>
    <configuration id="com.qnx.qcc.configuration.exe.debug.538064218" name="Simulator">
       <platformArchitecture>x86</platformArchitecture>
       <asset path="${workspace_loc:/CocosDenshion}/${ConfigName}/libCocosDenshion.so" type="Qnx/Elf">lib/libCocosDenshion.so</asset>
       <asset path="Simulator/2048" entry="true" type="Qnx/Elf">2048</asset>
    </configuration>
    <configuration id="com.qnx.qcc.configuration.exe.profile.808507225" name="Simulator-Profile">
       <platformArchitecture>x86</platformArchitecture>
       <asset path="${workspace_loc:/CocosDenshion}/${ConfigName}/libCocosDenshion.so" type="Qnx/Elf">lib/libCocosDenshion.so</asset>
       <asset path="Simulator-Profile/2048" entry="true" type="Qnx/Elf">2048</asset>
    </configuration>
    <configuration id="com.qnx.qcc.configuration.exe.profile.coverage.78763272" name="Simulator-Coverage">
       <platformArchitecture>x86</platformArchitecture>
       <asset path="${workspace_loc:/CocosDenshion}/${ConfigName}/libCocosDenshion.so" type="Qnx/Elf">lib/libCocosDenshion.so</asset>
       <asset path="Simulator-Coverage/2048" entry="true" type="Qnx/Elf">2048</asset>
    </configuration>
    
    <!--  The icon for the application.
	  The icon should be 86x86 for BlackBerry Tablet OS and 114x114 for BlackBerry 10. -->
    <icon>
        <image>icon.png</image>
    </icon>
    
    <!--  The splash screen that will appear when your application is launching.
	  Should be 1024x600 for BlackBerry Tablet OS. -->
    <!-- <splashscreen></splashscreen> -->

    <!-- Request permission to execute native code.  Required for native applications. -->
    <permission system="true">run_native</permission>
    
    <!--  The permissions requested by your application. -->
    <!--  <permission>access_shared</permission> -->
    <!--  <permission>record_audio</permission> -->
    <!--  <permission>read_geolocation</permission> -->
    <!--  <permission>use_camera</permission> -->
    <!--  <permission>access_internet</permission> -->
    <!--  <permission>play_audio</permission> -->
    <!--  <permission>post_notification</permission> -->
    <!--  <permission>set_audio_volume</permission> -->
    <!--  <permission>read_device_identifying_information</permission> -->

    <!-- Ensure that shared libraries in the package are found at run-time. -->
    <env var="LD_LIBRARY_PATH" value="app/native/lib"/>
    
</qnx>
